{"count":1,"self":283.2101376,"total":4410.1654229,"children":{"InitializeActuators":{"count":20,"self":0.0015199999999999999,"total":0.0015199999999999999,"children":null},"InitializeSensors":{"count":20,"self":0.0025269,"total":0.0025269,"children":null},"AgentSendState":{"count":202334,"self":9.8093136,"total":83.764659299999991,"children":{"CollectObservations":{"count":4046680,"self":40.9101216,"total":40.9101212,"children":null},"WriteActionMask":{"count":4046680,"self":2.1531248,"total":2.1531248,"children":null},"RequestDecision":{"count":4046680,"self":6.4534648,"total":30.8920994,"children":{"AgentInfo.ToProto":{"count":4046680,"self":6.5604016,"total":24.438634399999998,"children":{"GenerateSensorData":{"count":4046680,"self":17.878233599999998,"total":17.8782329,"children":null}}}}}}},"DecideAction":{"count":202334,"self":4033.1591679999997,"total":4033.1590232999997,"children":null},"AgentAct":{"count":202334,"self":10.0188008,"total":10.027550999999999,"children":{"AgentInfo.ToProto":{"count":1100,"self":0.0030244,"total":0.0087502,"children":{"GenerateSensorData":{"count":1100,"self":0.0057258,"total":0.0057258,"children":null}}}}}},"gauges":{"Tag.CumulativeReward":{"count":1100,"max":1.66692126,"min":-1.66692126,"runningAverage":-4.611105E-10,"value":-1.66692126,"weightedAverage":-1.10234761}},"metadata":{"timer_format_version":"0.1.0","start_time_seconds":"1783452806","unity_version":"6000.3.14f1","command_line_arguments":"C:\\Program Files\\Unity\\Hub\\Editor\\6000.3.14f1-x86_64\\Editor\\Unity.exe -projectpath C:\\Projects\\Unity\\BAUnity_Tag -useHub -hubIPC -cloudEnvironment production","communication_protocol_version":"1.5.0","com.unity.ml-agents_version":"4.0.3","scene_name":"Lvl_0","end_time_seconds":"1783457216"}}