{"count":1,"self":527.08433919999993,"total":3526.4570764,"children":{"InitializeActuators":{"count":20,"self":0.0010337999999999999,"total":0.0010337999999999999,"children":null},"InitializeSensors":{"count":20,"self":0.0010294,"total":0.0010294,"children":null},"AgentSendState":{"count":318151,"self":18.780985599999998,"total":149.68192779999998,"children":{"CollectObservations":{"count":6363020,"self":68.5668096,"total":68.5668116,"children":null},"WriteActionMask":{"count":6363020,"self":4.4491384,"total":4.4491382999999995,"children":null},"RequestDecision":{"count":6363020,"self":14.284219199999999,"total":57.8849922,"children":{"AgentInfo.ToProto":{"count":6363020,"self":12.958088,"total":43.6007724,"children":{"GenerateSensorData":{"count":6363020,"self":30.642684799999998,"total":30.6426847,"children":null}}}}}}},"DecideAction":{"count":318151,"self":2839.8823423999997,"total":2839.8824394,"children":null},"AgentAct":{"count":318151,"self":9.6920431999999987,"total":9.6956218,"children":{"AgentInfo.ToProto":{"count":572,"self":0.0020011,"total":0.0035783,"children":{"GenerateSensorData":{"count":572,"self":0.0015772,"total":0.0015772,"children":null}}}}},"AgentInfo.ToProto":{"count":7086,"self":0.0359703,"total":0.1106832,"children":{"GenerateSensorData":{"count":7086,"self":0.0747129,"total":0.0747129,"children":null}}}},"gauges":{"Tag.CumulativeReward":{"count":7658,"max":1.99956381,"min":-1.99956381,"runningAverage":6.154046E-10,"value":-0.8940004,"weightedAverage":-0.0544666536}},"metadata":{"timer_format_version":"0.1.0","start_time_seconds":"1783506474","unity_version":"6000.3.14f1","command_line_arguments":"C:\\Program Files\\Unity\\Hub\\Editor\\6000.3.14f1\\Editor\\Unity.exe -projectpath F:\\Projects\\Unity\\BAUnity_Tag -useHub -hubIPC -cloudEnvironment production","communication_protocol_version":"1.5.0","com.unity.ml-agents_version":"4.0.3","scene_name":"Lvl_0 1","end_time_seconds":"1783510001"}}